"folio_recepcion","descripcion","fecha_publicacion"
"2023069191",NO IMAGENES CON API,2023-10-17 15:39:43.062
"2023069226",NO IMAGENES CON API,2023-10-17 15:39:43.975
"2023069260",NO IMAGENES CON API,2023-10-17 15:39:44.916
"2023069727",NO IMAGENES CON API,2023-10-17 15:40:02.262
"2023069907",NO IMAGENES CON API,2023-10-17 15:40:05.115
"2023075973",NO IMAGENES CON API,2023-10-17 15:41:30.424
"2023077400",NO IMAGENES CON API,2023-10-17 15:42:31.081
"2023077945",NO IMAGENES CON API,2023-10-17 15:43:06.610
"2023078044",NO IMAGENES CON API,2023-10-17 15:43:23.072
"2023078089",NO IMAGENES CON API,2023-10-17 15:43:24.019
"2023078244",NO IMAGENES CON API,2023-10-17 15:43:47.331
"2023078876",NO IMAGENES CON API,2023-10-17 15:44:49.869
"2023081571",NO IMAGENES CON API,2023-10-17 15:53:03.900
"2023082966",NO IMAGENES CON API,2023-10-17 15:55:56.299
"2023084085",NO IMAGENES CON API,2023-10-17 15:58:00.443
"2023084203",NO IMAGENES CON API,2023-10-17 15:58:04.301
"2023084460",NO IMAGENES CON API,2023-10-17 15:58:19.564
"2023084565",NO IMAGENES CON API,2023-10-17 15:58:54.083
"2023085487",NO IMAGENES CON API,2023-10-17 16:19:26.446
"2023086128",NO IMAGENES CON API,2023-10-17 16:21:57.110
"2023086281",NO IMAGENES CON API,2023-10-17 16:22:33.735
"2023086443",NO IMAGENES CON API,2023-10-17 16:23:03.665
"2023087288",NO IMAGENES CON API,2023-10-17 16:24:19.143
"2023087477",NO IMAGENES CON API,2023-10-17 16:24:36.955
"2023088057",NO IMAGENES CON API,2023-10-17 16:25:49.063
"2023088066",NO IMAGENES CON API,2023-10-17 16:25:50.084
"2023088153",NO IMAGENES CON API,2023-10-17 16:25:51.151
"2023088179",NO IMAGENES CON API,2023-10-17 16:25:52.109
"2023088210",NO IMAGENES CON API,2023-10-17 16:25:53.098
"2023088299",NO IMAGENES CON API,2023-10-17 16:25:54.148
"2023088310",NO IMAGENES CON API,2023-10-17 16:25:55.206
"2023088336",NO IMAGENES CON API,2023-10-17 16:25:56.201
"2023088345",NO IMAGENES CON API,2023-10-17 16:25:57.142
"2023088347",NO IMAGENES CON API,2023-10-17 16:25:58.090
"2023088350",NO IMAGENES CON API,2023-10-17 16:25:59.173
"2023088361",NO IMAGENES CON API,2023-10-17 16:26:00.125
"2023088375",NO IMAGENES CON API,2023-10-17 16:26:01.090
"2023088516",NO IMAGENES CON API,2023-10-17 16:26:31.623
"2023088527",NO IMAGENES CON API,2023-10-17 16:26:32.639
"2023088591",NO IMAGENES CON API,2023-10-17 16:26:33.587
"2023088603",NO IMAGENES CON API,2023-10-17 16:26:34.682
"2023088624",NO IMAGENES CON API,2023-10-17 16:26:48.892
"2023088671",NO IMAGENES CON API,2023-10-17 16:26:58.198
"2023088681",NO IMAGENES CON API,2023-10-17 16:26:59.269
"2023088682",NO IMAGENES CON API,2023-10-17 16:27:00.282
"2023088722",NO IMAGENES CON API,2023-10-17 16:27:01.406
"2023088774",NO IMAGENES CON API,2023-10-17 16:27:02.587
"2023088798",NO IMAGENES CON API,2023-10-17 16:27:03.616
"2023088812",NO IMAGENES CON API,2023-10-17 16:27:09.535
"2023088842",NO IMAGENES CON API,2023-10-17 16:27:20.883
"2023088845",NO IMAGENES CON API,2023-10-17 16:27:22.085
"2023088920",NO IMAGENES CON API,2023-10-17 16:27:25.195
"2023088942",NO IMAGENES CON API,2023-10-17 16:27:26.245
"2023089083",NO IMAGENES CON API,2023-10-17 16:27:48.773
"2023089133",NO IMAGENES CON API,2023-10-17 16:27:49.758
"2023089153",NO IMAGENES CON API,2023-10-17 16:27:50.846
"2023089253",NO IMAGENES CON API,2023-10-17 16:28:07.477
"2023089264",NO IMAGENES CON API,2023-10-17 16:28:08.402
"2023089270",NO IMAGENES CON API,2023-10-17 16:28:09.331
"2023089277",NO IMAGENES CON API,2023-10-17 16:28:10.421
"2023089303",NO IMAGENES CON API,2023-10-17 16:28:12.336
"2023089311",NO IMAGENES CON API,2023-10-17 16:28:13.286
"2023089326",NO IMAGENES CON API,2023-10-17 16:28:14.424
"2023089337",NO IMAGENES CON API,2023-10-17 16:28:15.373
"2023089357",NO IMAGENES CON API,2023-10-17 16:28:16.432
"2023089365",NO IMAGENES CON API,2023-10-17 16:28:17.463
"2023089373",NO IMAGENES CON API,2023-10-17 16:28:20.490
"2023089374",NO IMAGENES CON API,2023-10-17 16:28:21.466
"2023089400",NO IMAGENES CON API,2023-10-17 16:28:36.246
"2023089427",NO IMAGENES CON API,2023-10-17 16:28:48.024
"2023089483",NO IMAGENES CON API,2023-10-17 16:28:54.093
"2023089488",NO IMAGENES CON API,2023-10-17 16:28:55.038
"2023089510",NO IMAGENES CON API,2023-10-17 16:28:56.036
"2023089529",NO IMAGENES CON API,2023-10-17 16:28:56.995
"2023089580",NO IMAGENES CON API,2023-10-17 16:29:18.850
"2023090359",NO IMAGENES CON API,2023-10-17 16:31:08.497
"2023090496",NO IMAGENES CON API,2023-10-17 16:31:42.698
"2023090624",NO IMAGENES CON API,2023-10-17 16:31:43.776
"2023090959",NO IMAGENES CON API,2023-10-17 16:32:27.053
"2023092968",NO IMAGENES CON API,2023-10-17 16:35:26.998
"2023093203",NO IMAGENES CON API,2023-10-17 16:35:45.455
"2023093245",NO IMAGENES CON API,2023-10-17 16:35:46.396
"2023093989",NO IMAGENES CON API,2023-10-17 17:20:09.050
"2023094018",NO IMAGENES CON API,2023-10-17 17:20:26.221
"2023094153",NO IMAGENES CON API,2023-10-17 17:20:35.159
"2023094270",NO IMAGENES CON API,2023-10-17 17:20:36.172
"2023094810",NO IMAGENES CON API,2023-10-17 17:21:56.102
"2023094815",NO IMAGENES CON API,2023-10-17 17:21:57.072
"2023094822",NO IMAGENES CON API,2023-10-17 17:21:58.014
"2023094826",NO IMAGENES CON API,2023-10-17 17:21:58.974
"2023094831",NO IMAGENES CON API,2023-10-17 17:21:59.880
"2023094833",NO IMAGENES CON API,2023-10-17 17:22:00.817
"2023094840",NO IMAGENES CON API,2023-10-17 17:22:01.722
"2023094847",NO IMAGENES CON API,2023-10-17 17:22:02.984
"2023094850",NO IMAGENES CON API,2023-10-17 17:22:03.982
"2023094860",NO IMAGENES CON API,2023-10-17 17:22:04.956
"2023094871",NO IMAGENES CON API,2023-10-17 17:22:05.923
"2023094872",NO IMAGENES CON API,2023-10-17 17:22:06.890
"2023094874",NO IMAGENES CON API,2023-10-17 17:22:07.798
"2023094875",NO IMAGENES CON API,2023-10-17 17:22:08.960
"2023094881",NO IMAGENES CON API,2023-10-17 17:22:09.927
"2023094885",NO IMAGENES CON API,2023-10-17 17:22:10.942
"2023094886",NO IMAGENES CON API,2023-10-17 17:22:11.869
"2023094892",NO IMAGENES CON API,2023-10-17 17:22:12.793
"2023094896",NO IMAGENES CON API,2023-10-17 17:22:13.702
"2023094898",NO IMAGENES CON API,2023-10-17 17:22:14.646
"2023094901",NO IMAGENES CON API,2023-10-17 17:22:15.622
"2023094902",NO IMAGENES CON API,2023-10-17 17:22:16.641
"2023094908",NO IMAGENES CON API,2023-10-17 17:22:17.569
"2023094909",NO IMAGENES CON API,2023-10-17 17:22:18.498
"2023094915",NO IMAGENES CON API,2023-10-17 17:22:19.434
"2023094916",NO IMAGENES CON API,2023-10-17 17:22:20.436
"2023094918",NO IMAGENES CON API,2023-10-17 17:22:21.373
"2023094921",NO IMAGENES CON API,2023-10-17 17:22:22.450
"2023094922",NO IMAGENES CON API,2023-10-17 17:22:23.403
"2023094925",NO IMAGENES CON API,2023-10-17 17:22:24.372
"2023094928",NO IMAGENES CON API,2023-10-17 17:22:25.382
"2023094935",NO IMAGENES CON API,2023-10-17 17:22:26.380
"2023094936",NO IMAGENES CON API,2023-10-17 17:22:27.363
"2023094937",NO IMAGENES CON API,2023-10-17 17:22:28.356
"2023094941",NO IMAGENES CON API,2023-10-17 17:22:29.323
"2023094942",NO IMAGENES CON API,2023-10-17 17:22:30.326
"2023094943",NO IMAGENES CON API,2023-10-17 17:22:31.306
"2023094944",NO IMAGENES CON API,2023-10-17 17:22:32.380
"2023094952",NO IMAGENES CON API,2023-10-17 17:22:33.383
"2023094964",NO IMAGENES CON API,2023-10-17 17:22:40.306
"2023094973",NO IMAGENES CON API,2023-10-17 17:22:45.286
"2023094976",NO IMAGENES CON API,2023-10-17 17:22:46.292
"2023094981",NO IMAGENES CON API,2023-10-17 17:22:47.304
"2023094986",NO IMAGENES CON API,2023-10-17 17:22:49.188
"2023094990",NO IMAGENES CON API,2023-10-17 17:22:51.109
"2023095000",NO IMAGENES CON API,2023-10-17 17:22:53.053
"2023095003",NO IMAGENES CON API,2023-10-17 17:22:55.085
"2023095004",NO IMAGENES CON API,2023-10-17 17:22:56.044
"2023095007",NO IMAGENES CON API,2023-10-17 17:22:57.164
"2023095019",NO IMAGENES CON API,2023-10-17 17:22:58.142
"2023095022",NO IMAGENES CON API,2023-10-17 17:22:59.087
"2023095029",NO IMAGENES CON API,2023-10-17 17:23:00.216
"2023095040",NO IMAGENES CON API,2023-10-17 17:23:01.239
"2023095046",NO IMAGENES CON API,2023-10-17 17:23:02.187
"2023095055",NO IMAGENES CON API,2023-10-17 17:23:03.243
"2023095056",NO IMAGENES CON API,2023-10-17 17:23:04.154
"2023095057",NO IMAGENES CON API,2023-10-17 17:23:05.133
"2023095059",NO IMAGENES CON API,2023-10-17 17:23:06.078
"2023095075",NO IMAGENES CON API,2023-10-17 17:23:07.065
"2023095076",NO IMAGENES CON API,2023-10-17 17:23:08.052
"2023095078",NO IMAGENES CON API,2023-10-17 17:23:08.997
"2023095082",NO IMAGENES CON API,2023-10-17 17:23:10.193
"2023095083",NO IMAGENES CON API,2023-10-17 17:23:11.197
"2023095092",NO IMAGENES CON API,2023-10-17 17:23:12.213
"2023095096",NO IMAGENES CON API,2023-10-17 17:23:13.152
"2023095098",NO IMAGENES CON API,2023-10-17 17:23:14.098
"2023095099",NO IMAGENES CON API,2023-10-17 17:23:15.180
"2023095111",NO IMAGENES CON API,2023-10-17 17:23:16.118
"2023095112",NO IMAGENES CON API,2023-10-17 17:23:17.078
"2023095114",NO IMAGENES CON API,2023-10-17 17:23:18.027
"2023095123",NO IMAGENES CON API,2023-10-17 17:23:19.105
"2023095124",NO IMAGENES CON API,2023-10-17 17:23:20.110
"2023095126",NO IMAGENES CON API,2023-10-17 17:23:21.063
"2023095127",NO IMAGENES CON API,2023-10-17 17:23:22.051
"2023095128",NO IMAGENES CON API,2023-10-17 17:23:22.996
"2023095129",NO IMAGENES CON API,2023-10-17 17:23:24.099
"2023095130",NO IMAGENES CON API,2023-10-17 17:23:24.987
"2023095139",NO IMAGENES CON API,2023-10-17 17:23:26.119
"2023095143",NO IMAGENES CON API,2023-10-17 17:23:27.103
"2023095152",NO IMAGENES CON API,2023-10-17 17:23:28.173
"2023095154",NO IMAGENES CON API,2023-10-17 17:23:29.264
"2023095155",NO IMAGENES CON API,2023-10-17 17:23:30.337
"2023095156",NO IMAGENES CON API,2023-10-17 17:23:31.310
"2023095160",NO IMAGENES CON API,2023-10-17 17:23:33.455
"2023095165",NO IMAGENES CON API,2023-10-17 17:23:38.653
"2023095166",NO IMAGENES CON API,2023-10-17 17:23:39.565
"2023095175",NO IMAGENES CON API,2023-10-17 17:23:40.490
"2023095183",NO IMAGENES CON API,2023-10-17 17:23:42.356
"2023095195",NO IMAGENES CON API,2023-10-17 17:23:43.328
"2023095196",NO IMAGENES CON API,2023-10-17 17:23:44.283
"2023095197",NO IMAGENES CON API,2023-10-17 17:23:45.204
"2023095199",NO IMAGENES CON API,2023-10-17 17:23:46.329
"2023095202",NO IMAGENES CON API,2023-10-17 17:23:47.321
"2023095203",NO IMAGENES CON API,2023-10-17 17:23:48.264
"2023095206",NO IMAGENES CON API,2023-10-17 17:23:49.233
"2023095207",NO IMAGENES CON API,2023-10-17 17:23:50.173
"2023095216",NO IMAGENES CON API,2023-10-17 17:23:51.095
"2023095220",NO IMAGENES CON API,2023-10-17 17:23:52.024
"2023095221",NO IMAGENES CON API,2023-10-17 17:23:53.046
"2023095226",NO IMAGENES CON API,2023-10-17 17:23:53.999
"2023095230",NO IMAGENES CON API,2023-10-17 17:23:54.971
"2023095237",NO IMAGENES CON API,2023-10-17 17:23:55.893
"2023095243",NO IMAGENES CON API,2023-10-17 17:23:56.862
"2023095247",NO IMAGENES CON API,2023-10-17 17:23:57.834
"2023095249",NO IMAGENES CON API,2023-10-17 17:23:58.891
"2023095266",NO IMAGENES CON API,2023-10-17 17:23:59.790
"2023095271",NO IMAGENES CON API,2023-10-17 17:24:00.842
"2023095278",NO IMAGENES CON API,2023-10-17 17:24:01.897
"2023095285",NO IMAGENES CON API,2023-10-17 17:24:02.817
"2023095286",NO IMAGENES CON API,2023-10-17 17:24:03.863
"2023095287",NO IMAGENES CON API,2023-10-17 17:24:04.784
"2023095292",NO IMAGENES CON API,2023-10-17 17:24:05.740
"2023095298",NO IMAGENES CON API,2023-10-17 17:24:06.726
"2023095300",NO IMAGENES CON API,2023-10-17 17:24:07.858
"2023095303",NO IMAGENES CON API,2023-10-17 17:24:08.806
"2023095306",NO IMAGENES CON API,2023-10-17 17:24:09.902
"2023095310",NO IMAGENES CON API,2023-10-17 17:24:10.852
"2023095311",NO IMAGENES CON API,2023-10-17 17:24:11.821
"2023095323",NO IMAGENES CON API,2023-10-17 17:24:12.793
"2023095335",NO IMAGENES CON API,2023-10-17 17:24:13.718
"2023095349",NO IMAGENES CON API,2023-10-17 17:24:16.666
"2023095379",NO IMAGENES CON API,2023-10-17 17:24:28.516
"2023095380",NO IMAGENES CON API,2023-10-17 17:24:29.539
"2023095386",NO IMAGENES CON API,2023-10-17 17:24:30.577
"2023095394",NO IMAGENES CON API,2023-10-17 17:24:36.618
"2023095395",NO IMAGENES CON API,2023-10-17 17:24:37.586
"2023095408",NO IMAGENES CON API,2023-10-17 17:24:39.649
"2023095410",NO IMAGENES CON API,2023-10-17 17:24:40.740
"2023095415",NO IMAGENES CON API,2023-10-17 17:24:41.670
"2023095424",NO IMAGENES CON API,2023-10-17 17:24:42.637
"2023095433",NO IMAGENES CON API,2023-10-17 17:24:43.598
"2023095435",NO IMAGENES CON API,2023-10-17 17:24:44.660
"2023095438",NO IMAGENES CON API,2023-10-17 17:24:45.667
"2023095446",NO IMAGENES CON API,2023-10-17 17:24:46.630
"2023095452",NO IMAGENES CON API,2023-10-17 17:24:47.572
"2023095456",NO IMAGENES CON API,2023-10-17 17:24:48.497
"2023095458",NO IMAGENES CON API,2023-10-17 17:24:49.512
"2023095460",NO IMAGENES CON API,2023-10-17 17:24:50.460
"2023095463",NO IMAGENES CON API,2023-10-17 17:24:51.517
"2023095464",NO IMAGENES CON API,2023-10-17 17:24:52.463
"2023095466",NO IMAGENES CON API,2023-10-17 17:24:53.521
"2023095469",NO IMAGENES CON API,2023-10-17 17:24:54.490
"2023095470",NO IMAGENES CON API,2023-10-17 17:24:55.450
"2023095472",NO IMAGENES CON API,2023-10-17 17:24:56.383
"2023095475",NO IMAGENES CON API,2023-10-17 17:24:57.346
"2023095482",NO IMAGENES CON API,2023-10-17 17:24:58.304
"2023095487",NO IMAGENES CON API,2023-10-17 17:24:59.318
"2023095488",NO IMAGENES CON API,2023-10-17 17:25:00.248
"2023095498",NO IMAGENES CON API,2023-10-17 17:25:01.260
"2023095500",NO IMAGENES CON API,2023-10-17 17:25:02.301
"2023095508",NO IMAGENES CON API,2023-10-17 17:25:05.412
"2023095509",NO IMAGENES CON API,2023-10-17 17:25:06.376
"2023095531",NO IMAGENES CON API,2023-10-17 17:25:17.314
"2023095532",NO IMAGENES CON API,2023-10-17 17:25:18.276
"2023095534",NO IMAGENES CON API,2023-10-17 17:25:19.243
"2023095543",NO IMAGENES CON API,2023-10-17 17:25:20.166
"2023095544",NO IMAGENES CON API,2023-10-17 17:25:21.195
"2023095545",NO IMAGENES CON API,2023-10-17 17:25:22.190
"2023095549",NO IMAGENES CON API,2023-10-17 17:25:23.142
"2023095551",NO IMAGENES CON API,2023-10-17 17:25:24.095
"2023095555",NO IMAGENES CON API,2023-10-17 17:25:25.031
"2023095558",NO IMAGENES CON API,2023-10-17 17:25:26.044
"2023095560",NO IMAGENES CON API,2023-10-17 17:25:26.989
"2023095565",NO IMAGENES CON API,2023-10-17 17:25:31.327
"2023095569",NO IMAGENES CON API,2023-10-17 17:25:34.217
"2023095570",NO IMAGENES CON API,2023-10-17 17:25:35.214
"2023095571",NO IMAGENES CON API,2023-10-17 17:25:36.214
"2023095688",NO IMAGENES CON API,2023-10-17 17:25:38.106
"2023097774",NO IMAGENES CON API,2023-10-17 17:30:08.101
"2023098277",NO IMAGENES CON API,2023-10-17 17:31:32.476
"2023251249",NO IMAGENES CON API,2023-10-19 17:19:07.375
"2023267763",NO IMAGENES CON API,2023-10-23 14:18:37.402
"2023265715",NO IMAGENES CON API,2023-10-24 16:24:26.922
"2023270512",NO IMAGENES CON API,2023-10-26 13:19:42.264
"2023270480",NO IMAGENES CON API,2023-10-27 04:18:32.890
"2023254073",NO IMAGENES CON API,2023-10-30 04:18:11.488
"2023256056",NO IMAGENES CON API,2023-10-30 04:18:13.594
"2023256206",NO IMAGENES CON API,2023-10-30 04:18:14.559
"2023256967",NO IMAGENES CON API,2023-10-30 04:18:17.749
"2023256969",NO IMAGENES CON API,2023-10-30 04:18:18.725
"2023256982",NO IMAGENES CON API,2023-10-30 04:18:19.708
"2023270897",NO IMAGENES CON API,2023-10-30 04:18:20.633
"2023270906",NO IMAGENES CON API,2023-10-30 04:18:21.643
"2023270910",NO IMAGENES CON API,2023-10-30 04:18:22.645
"2023270977",NO IMAGENES CON API,2023-10-30 04:18:23.646
"2023271033",NO IMAGENES CON API,2023-10-30 04:18:25.531
"2023271049",NO IMAGENES CON API,2023-10-30 04:18:26.526
"2023271051",NO IMAGENES CON API,2023-10-30 04:18:27.521
"2023271070",NO IMAGENES CON API,2023-10-30 04:18:28.540
"2023271072",NO IMAGENES CON API,2023-10-30 04:18:29.546
"2023271073",NO IMAGENES CON API,2023-10-30 04:18:30.557
"2023271074",NO IMAGENES CON API,2023-10-30 04:18:31.546
"2023271103",NO IMAGENES CON API,2023-10-30 04:18:32.551
"2023271135",NO IMAGENES CON API,2023-10-30 04:18:33.710
"2023271136",NO IMAGENES CON API,2023-10-30 04:18:34.727
"2023271137",NO IMAGENES CON API,2023-10-30 04:18:35.700
"2023271147",NO IMAGENES CON API,2023-10-30 04:18:36.765
"2023271183",NO IMAGENES CON API,2023-10-30 04:18:39.289
"2023271184",NO IMAGENES CON API,2023-10-30 04:18:40.328
"2023271245",NO IMAGENES CON API,2023-10-30 04:18:41.293
"2023271246",NO IMAGENES CON API,2023-10-30 04:18:42.297
"2023271262",NO IMAGENES CON API,2023-10-30 04:18:43.229
"2023271266",NO IMAGENES CON API,2023-10-30 04:18:44.306
"2023271293",NO IMAGENES CON API,2023-10-30 04:18:45.333
"2023271426",NO IMAGENES CON API,2023-10-30 04:18:47.442
"2023271534",NO IMAGENES CON API,2023-10-30 04:18:50.653
"2023271548",NO IMAGENES CON API,2023-10-30 04:18:51.606
"2023271557",NO IMAGENES CON API,2023-10-30 04:18:52.685
"2023271560",NO IMAGENES CON API,2023-10-30 04:18:53.669
"2023271616",NO IMAGENES CON API,2023-10-30 04:18:54.796
"2023271619",NO IMAGENES CON API,2023-10-30 04:18:55.750
"2023271650",NO IMAGENES CON API,2023-10-30 04:18:56.694
"2023271658",NO IMAGENES CON API,2023-10-30 04:18:58.707
"2023271682",NO IMAGENES CON API,2023-10-30 04:18:59.684
"2023271685",NO IMAGENES CON API,2023-10-30 04:19:00.673
"2023271687",NO IMAGENES CON API,2023-10-30 04:19:01.608
"2023271692",NO IMAGENES CON API,2023-10-30 04:19:02.741
"2023271715",NO IMAGENES CON API,2023-10-30 04:19:05.768
"2023271720",NO IMAGENES CON API,2023-10-30 04:19:06.754
"2023271730",NO IMAGENES CON API,2023-10-30 04:19:07.762
"2023271742",NO IMAGENES CON API,2023-10-30 04:19:08.723
"2023271773",NO IMAGENES CON API,2023-10-30 04:19:09.654
"2023256449",NO IMAGENES CON API,2023-10-31 14:17:49.576
"2023255076",NO IMAGENES CON API,2023-11-02 04:16:58.252
"2023255161",NO IMAGENES CON API,2023-11-02 04:16:59.254
"2023255311",NO IMAGENES CON API,2023-11-02 04:17:00.223
"2023255315",NO IMAGENES CON API,2023-11-02 04:17:01.168
"2023255323",NO IMAGENES CON API,2023-11-02 04:17:02.145
"2023255404",NO IMAGENES CON API,2023-11-02 04:17:03.144
"2023255414",NO IMAGENES CON API,2023-11-02 04:17:04.132
"2023255698",NO IMAGENES CON API,2023-11-02 04:17:05.130
"2023255711",NO IMAGENES CON API,2023-11-02 04:17:06.121
"2023258124",NO IMAGENES CON API,2023-11-02 04:17:07.103
"2023258129",NO IMAGENES CON API,2023-11-02 04:17:08.191
"2023258170",NO IMAGENES CON API,2023-11-02 04:17:09.153
"2023258220",NO IMAGENES CON API,2023-11-02 04:17:10.164
"2023258233",NO IMAGENES CON API,2023-11-02 04:17:11.208
"2023258411",NO IMAGENES CON API,2023-11-02 04:17:12.290
"2023258765",NO IMAGENES CON API,2023-11-02 04:17:13.269
"2023258785",NO IMAGENES CON API,2023-11-02 04:17:14.380
"2023258798",NO IMAGENES CON API,2023-11-02 04:17:15.476
"2023258859",NO IMAGENES CON API,2023-11-02 04:17:16.519
"2023258882",NO IMAGENES CON API,2023-11-02 04:17:17.508
"2023262019",NO IMAGENES CON API,2023-11-02 04:17:18.676
"2023262023",NO IMAGENES CON API,2023-11-02 04:17:19.768
"2023262233",NO IMAGENES CON API,2023-11-02 04:17:20.771
"2023271899",NO IMAGENES CON API,2023-11-02 04:18:01.247
"2023271918",NO IMAGENES CON API,2023-11-02 04:18:02.233
"2023272016",NO IMAGENES CON API,2023-11-02 04:18:03.367
"2023272117",NO IMAGENES CON API,2023-11-02 04:18:04.346
"2023272211",NO IMAGENES CON API,2023-11-02 04:18:05.446
"2023272426",NO IMAGENES CON API,2023-11-02 04:18:06.430
"2023272506",NO IMAGENES CON API,2023-11-02 04:18:07.382
"2023272532",NO IMAGENES CON API,2023-11-02 04:18:08.320
"2023272577",NO IMAGENES CON API,2023-11-02 04:18:09.311
"2023272586",NO IMAGENES CON API,2023-11-02 04:18:10.292
"2023272716",NO IMAGENES CON API,2023-11-02 04:18:12.363
"2023272851",NO IMAGENES CON API,2023-11-02 04:18:13.407
"2023272947",NO IMAGENES CON API,2023-11-02 04:18:14.424
"2023273045",NO IMAGENES CON API,2023-11-02 04:18:15.548
"2023273122",NO IMAGENES CON API,2023-11-02 04:18:16.461
"2023273130",NO IMAGENES CON API,2023-11-02 04:18:17.512
"2023273134",NO IMAGENES CON API,2023-11-02 04:18:18.556
"2023273135",NO IMAGENES CON API,2023-11-02 04:18:19.517
"2023273191",NO IMAGENES CON API,2023-11-02 04:18:20.518
"2023273258",NO IMAGENES CON API,2023-11-02 04:18:21.735
"2023273488",NO IMAGENES CON API,2023-11-02 04:18:22.736
"2023273489",NO IMAGENES CON API,2023-11-02 04:18:23.748
"2023273203",NO IMAGENES CON API,2023-11-02 22:30:36.874
"2023255009",NO IMAGENES CON API,2023-11-06 04:18:32.610
"2023255199",NO IMAGENES CON API,2023-11-06 04:18:34.573
"2023255267",NO IMAGENES CON API,2023-11-06 04:18:35.571
"2023255281",NO IMAGENES CON API,2023-11-06 04:18:36.508
"2023255386",NO IMAGENES CON API,2023-11-06 04:18:37.506
"2023255411",NO IMAGENES CON API,2023-11-06 04:18:38.464
"2023255465",NO IMAGENES CON API,2023-11-06 04:18:39.437
"2023255630",NO IMAGENES CON API,2023-11-06 04:18:41.419
"2023255640",NO IMAGENES CON API,2023-11-06 04:18:42.375
"2023255710",NO IMAGENES CON API,2023-11-06 04:18:43.323
"2023255757",NO IMAGENES CON API,2023-11-06 04:18:44.274
"2023258021",NO IMAGENES CON API,2023-11-06 04:18:45.278
"2023258030",NO IMAGENES CON API,2023-11-06 04:18:46.230
"2023258091",NO IMAGENES CON API,2023-11-06 04:18:47.373
"2023258113",NO IMAGENES CON API,2023-11-06 04:18:48.319
"2023258267",NO IMAGENES CON API,2023-11-06 04:18:49.374
"2023258275",NO IMAGENES CON API,2023-11-06 04:18:50.356
"2023258305",NO IMAGENES CON API,2023-11-06 04:18:51.736
"2023258307",NO IMAGENES CON API,2023-11-06 04:18:52.784
"2023258612",NO IMAGENES CON API,2023-11-06 04:18:54.741
"2023258613",NO IMAGENES CON API,2023-11-06 04:18:55.705
"2023258616",NO IMAGENES CON API,2023-11-06 04:18:56.679
"2023258637",NO IMAGENES CON API,2023-11-06 04:18:57.641
"2023258657",NO IMAGENES CON API,2023-11-06 04:18:58.663
"2023258663",NO IMAGENES CON API,2023-11-06 04:18:59.630
"2023258931",NO IMAGENES CON API,2023-11-06 04:19:01.596
"2023258961",NO IMAGENES CON API,2023-11-06 04:19:02.559
"2023258969",NO IMAGENES CON API,2023-11-06 04:19:03.545
"2023258995",NO IMAGENES CON API,2023-11-06 04:19:04.511
"2023258999",NO IMAGENES CON API,2023-11-06 04:19:05.481
"2023259129",NO IMAGENES CON API,2023-11-06 04:19:06.473
"2023262060",NO IMAGENES CON API,2023-11-06 04:19:07.441
"2023262186",NO IMAGENES CON API,2023-11-06 04:19:08.419
"2023262196",NO IMAGENES CON API,2023-11-06 04:19:09.440
"2023272073",NO IMAGENES CON API,2023-11-06 04:19:10.429
"2023272712",NO IMAGENES CON API,2023-11-06 04:19:13.467
"2023273396",NO IMAGENES CON API,2023-11-06 04:19:14.477
"2023273443",NO IMAGENES CON API,2023-11-06 04:19:15.440
"2023273821",NO IMAGENES CON API,2023-11-06 04:19:17.368
"2023273841",NO IMAGENES CON API,2023-11-06 21:26:31.386
"2023255380",NO IMAGENES CON API,2023-11-07 02:21:35.815
"2023258587",NO IMAGENES CON API,2023-11-07 02:25:53.422
"2023258913",NO IMAGENES CON API,2023-11-07 02:26:38.551
"2023263021",NO IMAGENES CON API,2023-11-07 02:32:05.401
"2023272082",NO IMAGENES CON API,2023-11-07 02:38:34.386
"2023266914",NO IMAGENES CON API,2023-11-07 12:19:23.282
"2023263134",NO IMAGENES CON API,2023-11-08 04:29:53.647
"2023269573",NO IMAGENES CON API,2023-11-09 19:18:43.193
"2023173847",NO IMAGENES CON API,2023-11-13 04:17:48.187
"2023260024",NO IMAGENES CON API,2023-11-13 04:18:06.578
"2023260103",NO IMAGENES CON API,2023-11-13 04:18:17.173
"2023260225",NO IMAGENES CON API,2023-11-13 04:18:18.126
"2023260302",NO IMAGENES CON API,2023-11-13 04:18:20.276
"2023260335",NO IMAGENES CON API,2023-11-13 04:18:21.267
"2023260360",NO IMAGENES CON API,2023-11-13 04:18:22.247
"2023260373",NO IMAGENES CON API,2023-11-13 04:18:23.228
"2023260434",NO IMAGENES CON API,2023-11-13 04:18:30.156
"2023260436",NO IMAGENES CON API,2023-11-13 04:18:31.176
"2023260633",NO IMAGENES CON API,2023-11-13 04:18:49.872
"2023260638",NO IMAGENES CON API,2023-11-13 04:18:50.836
"2023260710",NO IMAGENES CON API,2023-11-13 04:18:52.790
"2023260759",NO IMAGENES CON API,2023-11-13 04:18:53.810
"2023260864",NO IMAGENES CON API,2023-11-13 04:19:13.703
"2023260906",NO IMAGENES CON API,2023-11-13 04:19:14.751
"2023260999",NO IMAGENES CON API,2023-11-13 04:19:15.752
"2023269672",NO IMAGENES CON API,2023-11-13 04:20:46.188
"2023269689",NO IMAGENES CON API,2023-11-13 04:20:48.121
"2023269697",NO IMAGENES CON API,2023-11-13 04:20:49.080
"2023269698",NO IMAGENES CON API,2023-11-13 04:20:50.063
"2023269795",NO IMAGENES CON API,2023-11-13 04:21:24.501
"2023269854",NO IMAGENES CON API,2023-11-13 04:21:25.591
"2023269863",NO IMAGENES CON API,2023-11-13 04:21:26.678
"2023269879",NO IMAGENES CON API,2023-11-13 04:21:41.982
"2023269925",NO IMAGENES CON API,2023-11-13 04:21:42.994
"2023269949",NO IMAGENES CON API,2023-11-13 04:21:44.089
"2023269970",NO IMAGENES CON API,2023-11-13 04:21:46.130
"2023273965",NO IMAGENES CON API,2023-11-13 04:21:47.089
"2023274002",NO IMAGENES CON API,2023-11-13 04:21:56.443
"2023274076",NO IMAGENES CON API,2023-11-13 04:22:32.835
"2023274150",NO IMAGENES CON API,2023-11-13 04:22:33.867
"2023274177",NO IMAGENES CON API,2023-11-13 04:22:34.912
"2023274184",NO IMAGENES CON API,2023-11-13 04:22:35.898
"2023274197",NO IMAGENES CON API,2023-11-13 04:22:56.194
"2023274284",NO IMAGENES CON API,2023-11-13 04:23:15.425
"2023274323",NO IMAGENES CON API,2023-11-13 04:23:16.457
"2023274330",NO IMAGENES CON API,2023-11-13 04:23:18.388
"2023274357",NO IMAGENES CON API,2023-11-13 04:23:20.311
"2023260263",NO IMAGENES CON API,2023-11-13 14:19:07.078
"2023275155",NO IMAGENES CON API,2023-11-13 17:19:51.451
"2023277336",NO IMAGENES CON API,2023-11-14 18:18:02.615
"2023277366",NO IMAGENES CON API,2023-11-14 20:30:29.245
"2023276321",NO IMAGENES CON API,2023-11-15 13:18:46.622
"2023276627",NO IMAGENES CON API,2023-11-15 13:18:47.577
"2023282261",NO IMAGENES CON API,2023-11-15 18:21:48.280
"2023282265",NO IMAGENES CON API,2023-11-15 18:21:49.276
"2023282329",NO IMAGENES CON API,2023-11-15 18:21:50.241
"2023282394",NO IMAGENES CON API,2023-11-15 18:21:51.231
"2023282281",NO IMAGENES CON API,2023-11-15 19:26:32.956
"2023282304",NO IMAGENES CON API,2023-11-15 19:26:33.919
"2023282611",NO IMAGENES CON API,2023-11-15 20:23:56.977
"2023282347",NO IMAGENES CON API,2023-11-15 21:24:13.345
"2023282500",NO IMAGENES CON API,2023-11-15 21:24:14.480
"2023282405",NO IMAGENES CON API,2023-11-16 00:18:49.214
"2023282633",NO IMAGENES CON API,2023-11-16 00:18:50.186
"2023282659",NO IMAGENES CON API,2023-11-16 00:18:51.318
"2023282797",NO IMAGENES CON API,2023-11-16 00:18:52.300
"2023282873",NO IMAGENES CON API,2023-11-16 00:18:53.340
"2023282900",NO IMAGENES CON API,2023-11-16 00:18:54.283
"2023282845",NO IMAGENES CON API,2023-11-16 02:18:27.575
"2023282264",NO IMAGENES CON API,2023-11-16 12:18:01.189
"2023282344",NO IMAGENES CON API,2023-11-16 12:18:02.172
"2023282433",NO IMAGENES CON API,2023-11-16 12:18:03.168
"2023282437",NO IMAGENES CON API,2023-11-16 12:18:04.180
"2023282490",NO IMAGENES CON API,2023-11-16 12:18:05.149
"2023282507",NO IMAGENES CON API,2023-11-16 12:18:06.151
"2023282514",NO IMAGENES CON API,2023-11-16 12:18:07.415
"2023282612",NO IMAGENES CON API,2023-11-16 12:18:08.748
"2023282700",NO IMAGENES CON API,2023-11-16 12:18:09.904
"2023282708",NO IMAGENES CON API,2023-11-16 12:18:10.920
"2023282709",NO IMAGENES CON API,2023-11-16 12:18:11.920
"2023282724",NO IMAGENES CON API,2023-11-16 12:18:12.852
"2023282726",NO IMAGENES CON API,2023-11-16 12:18:13.879
"2023282729",NO IMAGENES CON API,2023-11-16 12:18:14.984
"2023282732",NO IMAGENES CON API,2023-11-16 12:18:15.985
"2023282733",NO IMAGENES CON API,2023-11-16 12:18:16.994
"2023282736",NO IMAGENES CON API,2023-11-16 12:18:18.078
"2023282741",NO IMAGENES CON API,2023-11-16 12:18:19.063
"2023282746",NO IMAGENES CON API,2023-11-16 12:18:20.299
"2023282757",NO IMAGENES CON API,2023-11-16 12:18:21.228
"2023282759",NO IMAGENES CON API,2023-11-16 12:18:22.213
"2023282770",NO IMAGENES CON API,2023-11-16 12:18:23.335
"2023282781",NO IMAGENES CON API,2023-11-16 12:18:24.302
"2023282783",NO IMAGENES CON API,2023-11-16 12:18:25.364
"2023282796",NO IMAGENES CON API,2023-11-16 12:18:26.350
"2023282813",NO IMAGENES CON API,2023-11-16 12:18:27.366
"2023282829",NO IMAGENES CON API,2023-11-16 12:18:28.429
"2023282830",NO IMAGENES CON API,2023-11-16 12:18:29.435
"2023282838",NO IMAGENES CON API,2023-11-16 12:18:30.421
"2023282847",NO IMAGENES CON API,2023-11-16 12:18:31.379
"2023282849",NO IMAGENES CON API,2023-11-16 12:18:32.392
"2023282858",NO IMAGENES CON API,2023-11-16 12:18:33.425
"2023282861",NO IMAGENES CON API,2023-11-16 12:18:34.531
"2023282864",NO IMAGENES CON API,2023-11-16 12:18:35.528
"2023282872",NO IMAGENES CON API,2023-11-16 12:18:36.534
"2023282875",NO IMAGENES CON API,2023-11-16 12:18:37.512
"2023282878",NO IMAGENES CON API,2023-11-16 12:18:38.581
"2023282879",NO IMAGENES CON API,2023-11-16 12:18:39.604
"2023282914",NO IMAGENES CON API,2023-11-16 12:18:40.608
"2023282915",NO IMAGENES CON API,2023-11-16 12:18:41.607
"2023282930",NO IMAGENES CON API,2023-11-16 12:18:42.966
"2023282941",NO IMAGENES CON API,2023-11-16 12:18:43.970
"2023282943",NO IMAGENES CON API,2023-11-16 12:18:44.932
"2023282949",NO IMAGENES CON API,2023-11-16 12:18:45.891
"2023282951",NO IMAGENES CON API,2023-11-16 12:18:46.866
"2023282952",NO IMAGENES CON API,2023-11-16 12:18:47.830
"2023282955",NO IMAGENES CON API,2023-11-16 12:18:48.870
"2023282961",NO IMAGENES CON API,2023-11-16 12:18:49.877
"2023282965",NO IMAGENES CON API,2023-11-16 12:18:50.985
"2023282969",NO IMAGENES CON API,2023-11-16 12:18:52.036
"2023282980",NO IMAGENES CON API,2023-11-16 12:18:53.051
"2023282981",NO IMAGENES CON API,2023-11-16 12:18:54.073
"2023282987",NO IMAGENES CON API,2023-11-16 12:18:55.189
"2023282998",NO IMAGENES CON API,2023-11-16 12:18:56.164
"2023285005",NO IMAGENES CON API,2023-11-16 12:18:57.369
"2023285006",NO IMAGENES CON API,2023-11-16 12:18:58.410
"2023285016",NO IMAGENES CON API,2023-11-16 12:18:59.381
"2023285020",NO IMAGENES CON API,2023-11-16 12:19:00.339
"2023285031",NO IMAGENES CON API,2023-11-16 12:19:01.323
"2023282259",NO IMAGENES CON API,2023-11-16 13:21:36.486
"2023282260",NO IMAGENES CON API,2023-11-16 13:21:37.591
"2023282268",NO IMAGENES CON API,2023-11-16 13:21:38.610
"2023282269",NO IMAGENES CON API,2023-11-16 13:21:39.654
"2023282271",NO IMAGENES CON API,2023-11-16 13:21:40.664
"2023282276",NO IMAGENES CON API,2023-11-16 13:21:41.614
"2023282279",NO IMAGENES CON API,2023-11-16 13:21:42.620
"2023282282",NO IMAGENES CON API,2023-11-16 13:21:43.579
"2023282289",NO IMAGENES CON API,2023-11-16 13:21:44.685
"2023282293",NO IMAGENES CON API,2023-11-16 13:21:45.830
"2023282308",NO IMAGENES CON API,2023-11-16 13:21:46.840
"2023282311",NO IMAGENES CON API,2023-11-16 13:21:47.815
"2023282312",NO IMAGENES CON API,2023-11-16 13:21:48.800
"2023282315",NO IMAGENES CON API,2023-11-16 13:21:49.757
"2023282321",NO IMAGENES CON API,2023-11-16 13:21:50.842
"2023282322",NO IMAGENES CON API,2023-11-16 13:21:51.793
"2023282336",NO IMAGENES CON API,2023-11-16 13:21:52.876
"2023282338",NO IMAGENES CON API,2023-11-16 13:21:53.830
"2023282343",NO IMAGENES CON API,2023-11-16 13:21:54.776
"2023282353",NO IMAGENES CON API,2023-11-16 13:21:55.752
"2023282356",NO IMAGENES CON API,2023-11-16 13:21:56.891
"2023282360",NO IMAGENES CON API,2023-11-16 13:21:57.881
"2023282390",NO IMAGENES CON API,2023-11-16 13:21:58.966
"2023282392",NO IMAGENES CON API,2023-11-16 13:21:59.956
"2023282393",NO IMAGENES CON API,2023-11-16 13:22:00.998
"2023282398",NO IMAGENES CON API,2023-11-16 13:22:01.935
"2023282401",NO IMAGENES CON API,2023-11-16 13:22:02.931
"2023282411",NO IMAGENES CON API,2023-11-16 13:22:03.985
"2023282413",NO IMAGENES CON API,2023-11-16 13:22:05.065
"2023282427",NO IMAGENES CON API,2023-11-16 13:22:06.082
"2023282428",NO IMAGENES CON API,2023-11-16 13:22:07.086
"2023282448",NO IMAGENES CON API,2023-11-16 13:22:08.117
"2023282463",NO IMAGENES CON API,2023-11-16 13:22:09.185
"2023282468",NO IMAGENES CON API,2023-11-16 13:22:10.195
"2023282469",NO IMAGENES CON API,2023-11-16 13:22:11.202
"2023282470",NO IMAGENES CON API,2023-11-16 13:22:12.186
"2023282476",NO IMAGENES CON API,2023-11-16 13:22:13.300
"2023282483",NO IMAGENES CON API,2023-11-16 13:22:14.371
"2023282491",NO IMAGENES CON API,2023-11-16 13:22:15.383
"2023282501",NO IMAGENES CON API,2023-11-16 13:22:16.338
"2023282508",NO IMAGENES CON API,2023-11-16 13:22:17.297
"2023282519",NO IMAGENES CON API,2023-11-16 13:22:18.241
"2023282522",NO IMAGENES CON API,2023-11-16 13:22:19.279
"2023282523",NO IMAGENES CON API,2023-11-16 13:22:20.231
"2023282527",NO IMAGENES CON API,2023-11-16 13:22:21.267
"2023282530",NO IMAGENES CON API,2023-11-16 13:22:22.275
"2023282537",NO IMAGENES CON API,2023-11-16 13:22:23.335
"2023282544",NO IMAGENES CON API,2023-11-16 13:22:24.328
"2023282549",NO IMAGENES CON API,2023-11-16 13:22:25.400
"2023282555",NO IMAGENES CON API,2023-11-16 13:22:26.417
"2023282569",NO IMAGENES CON API,2023-11-16 13:22:28.161
"2023282575",NO IMAGENES CON API,2023-11-16 13:22:29.142
"2023282584",NO IMAGENES CON API,2023-11-16 13:22:30.250
"2023282588",NO IMAGENES CON API,2023-11-16 13:22:31.257
"2023282640",NO IMAGENES CON API,2023-11-16 13:22:32.427
"2023282642",NO IMAGENES CON API,2023-11-16 13:22:33.410
"2023282644",NO IMAGENES CON API,2023-11-16 13:22:34.426
"2023282645",NO IMAGENES CON API,2023-11-16 13:22:35.390
"2023282650",NO IMAGENES CON API,2023-11-16 13:22:36.348
"2023282652",NO IMAGENES CON API,2023-11-16 13:22:37.280
"2023282654",NO IMAGENES CON API,2023-11-16 13:22:38.280
"2023282658",NO IMAGENES CON API,2023-11-16 13:22:39.291
"2023282662",NO IMAGENES CON API,2023-11-16 13:22:40.336
"2023282665",NO IMAGENES CON API,2023-11-16 13:22:41.318
"2023282673",NO IMAGENES CON API,2023-11-16 13:22:42.321
"2023282676",NO IMAGENES CON API,2023-11-16 13:22:43.347
"2023282678",NO IMAGENES CON API,2023-11-16 13:22:44.409
"2023282679",NO IMAGENES CON API,2023-11-16 13:22:45.391
"2023282684",NO IMAGENES CON API,2023-11-16 13:22:46.396
"2023282698",NO IMAGENES CON API,2023-11-16 13:22:47.351
"2023282699",NO IMAGENES CON API,2023-11-16 13:22:48.713
"2023282718",NO IMAGENES CON API,2023-11-16 13:22:49.731
"2023282764",NO IMAGENES CON API,2023-11-16 13:22:50.664
"2023282771",NO IMAGENES CON API,2023-11-16 13:22:51.599
"2023282877",NO IMAGENES CON API,2023-11-16 13:22:52.619
"2023282913",NO IMAGENES CON API,2023-11-16 13:22:53.595
"2023282928",NO IMAGENES CON API,2023-11-16 13:22:54.555
"2023282929",NO IMAGENES CON API,2023-11-16 13:22:55.484
"2023282954",NO IMAGENES CON API,2023-11-16 13:22:56.428
"2023282967",NO IMAGENES CON API,2023-11-16 13:22:57.343
"2023282968",NO IMAGENES CON API,2023-11-16 13:22:58.373
"2023282982",NO IMAGENES CON API,2023-11-16 13:22:59.357
"2023282992",NO IMAGENES CON API,2023-11-16 13:23:00.546
"2023285002",NO IMAGENES CON API,2023-11-16 13:23:02.546
"2023285012",NO IMAGENES CON API,2023-11-16 13:23:03.527
"2023285042",NO IMAGENES CON API,2023-11-16 13:23:04.628
"2023291401",NO IMAGENES CON API,2023-11-16 22:17:19.644
"2023291431",NO IMAGENES CON API,2023-11-16 23:18:01.123
"2023291453",NO IMAGENES CON API,2023-11-16 23:18:02.233
"2023291467",NO IMAGENES CON API,2023-11-16 23:18:03.215
"2023291601",NO IMAGENES CON API,2023-11-17 00:17:44.386
"2023291391",NO IMAGENES CON API,2023-11-17 12:17:49.271
"2023291392",NO IMAGENES CON API,2023-11-17 12:17:50.418
"2023291402",NO IMAGENES CON API,2023-11-17 12:17:51.480
"2023291415",NO IMAGENES CON API,2023-11-17 12:17:52.576
"2023291418",NO IMAGENES CON API,2023-11-17 12:17:53.539
"2023291421",NO IMAGENES CON API,2023-11-17 12:17:54.500
"2023291430",NO IMAGENES CON API,2023-11-17 12:17:55.441
"2023291454",NO IMAGENES CON API,2023-11-17 12:17:56.379
"2023291475",NO IMAGENES CON API,2023-11-17 12:17:57.467
"2023291481",NO IMAGENES CON API,2023-11-17 12:17:58.394
"2023291489",NO IMAGENES CON API,2023-11-17 12:17:59.338
"2023291493",NO IMAGENES CON API,2023-11-17 12:18:00.401
"2023291508",NO IMAGENES CON API,2023-11-17 12:18:01.332
"2023291522",NO IMAGENES CON API,2023-11-17 12:18:02.342
"2023291532",NO IMAGENES CON API,2023-11-17 12:18:03.288
"2023291534",NO IMAGENES CON API,2023-11-17 12:18:04.236
"2023291536",NO IMAGENES CON API,2023-11-17 12:18:05.155
"2023291543",NO IMAGENES CON API,2023-11-17 12:18:06.234
"2023291554",NO IMAGENES CON API,2023-11-17 12:18:07.162
"2023291557",NO IMAGENES CON API,2023-11-17 12:18:08.243
"2023291563",NO IMAGENES CON API,2023-11-17 12:18:09.245
"2023291565",NO IMAGENES CON API,2023-11-17 12:18:10.203
"2023291566",NO IMAGENES CON API,2023-11-17 12:18:11.132
"2023291567",NO IMAGENES CON API,2023-11-17 12:18:12.146
"2023291589",NO IMAGENES CON API,2023-11-17 12:18:13.118
"2023291592",NO IMAGENES CON API,2023-11-17 12:18:14.257
"2023291596",NO IMAGENES CON API,2023-11-17 12:18:15.271
"2023291611",NO IMAGENES CON API,2023-11-17 12:18:16.271
"2023291614",NO IMAGENES CON API,2023-11-17 12:18:17.181
"2023291623",NO IMAGENES CON API,2023-11-17 12:18:18.360
"2023291631",NO IMAGENES CON API,2023-11-17 12:18:19.394
"2023291638",NO IMAGENES CON API,2023-11-17 12:18:20.378
"2023291641",NO IMAGENES CON API,2023-11-17 12:18:21.358
"2023291642",NO IMAGENES CON API,2023-11-17 12:18:22.461
"2023291650",NO IMAGENES CON API,2023-11-17 12:18:23.392
"2023291653",NO IMAGENES CON API,2023-11-17 12:18:24.388
"2023291659",NO IMAGENES CON API,2023-11-17 12:18:25.338
"2023291674",NO IMAGENES CON API,2023-11-17 12:18:26.371
"2023291682",NO IMAGENES CON API,2023-11-17 12:18:27.303
"2023291685",NO IMAGENES CON API,2023-11-17 12:18:28.239
"2023291689",NO IMAGENES CON API,2023-11-17 12:18:29.168
"2023291691",NO IMAGENES CON API,2023-11-17 12:18:30.149
"2023291694",NO IMAGENES CON API,2023-11-17 12:18:31.098
"2023291695",NO IMAGENES CON API,2023-11-17 12:18:32.094
"2023291700",NO IMAGENES CON API,2023-11-17 12:18:33.026
"2023291713",NO IMAGENES CON API,2023-11-17 12:18:34.034
"2023291410",NO IMAGENES CON API,2023-11-17 13:21:08.075
"2023291414",NO IMAGENES CON API,2023-11-17 13:21:09.049
"2023291427",NO IMAGENES CON API,2023-11-17 13:21:10.075
"2023291440",NO IMAGENES CON API,2023-11-17 13:21:11.124
"2023291447",NO IMAGENES CON API,2023-11-17 13:21:12.067
"2023291461",NO IMAGENES CON API,2023-11-17 13:21:13.056
"2023291464",NO IMAGENES CON API,2023-11-17 13:21:14.120
"2023291487",NO IMAGENES CON API,2023-11-17 13:21:15.071
"2023291494",NO IMAGENES CON API,2023-11-17 13:21:16.172
"2023291502",NO IMAGENES CON API,2023-11-17 13:21:17.141
"2023291505",NO IMAGENES CON API,2023-11-17 13:21:18.078
"2023291518",NO IMAGENES CON API,2023-11-17 13:21:19.015
"2023291535",NO IMAGENES CON API,2023-11-17 13:21:20.063
"2023291538",NO IMAGENES CON API,2023-11-17 13:21:21.100
"2023291576",NO IMAGENES CON API,2023-11-17 13:21:22.079
"2023291586",NO IMAGENES CON API,2023-11-17 13:21:23.060
"2023291591",NO IMAGENES CON API,2023-11-17 13:21:24.157
"2023291597",NO IMAGENES CON API,2023-11-17 13:21:25.126
"2023291621",NO IMAGENES CON API,2023-11-17 13:21:26.155
"2023291660",NO IMAGENES CON API,2023-11-17 13:21:27.129
"2023291675",NO IMAGENES CON API,2023-11-17 13:21:28.152
"2023291711",NO IMAGENES CON API,2023-11-17 13:21:29.077
"2023283934",NO IMAGENES CON API,2023-11-17 15:17:56.066
"2023291618",NO IMAGENES CON API,2023-11-17 15:18:41.634
"2023291625",NO IMAGENES CON API,2023-11-17 15:18:42.757
"2023286543",NO IMAGENES CON API,2023-11-17 16:25:32.455
